Year,MPO_AM,MPO_MD,MPO_PM,MPO_INT,MPO_24,Hopewell_AM,Hopewell_MD,Hopewell_PM,Hopewell_INT,Hopewell_24,Petersburg_AM,Petersburg_MD,Petersburg_PM,Petersburg_INT,Petersburg_24,ColonialHeights_AM,ColonialHeights_MD,ColonialHeights_PM,ColonialHeights_INT,ColonialHeights_24,Chesterfield_AM,Chesterfield_MD,Chesterfield_PM,Chesterfield_INT,Chesterfield_24,Dinwiddie_AM,Dinwiddie_MD,Dinwiddie_PM,Dinwiddie_INT,Dinwiddie_24,PrinceGeorge_AM,PrinceGeorge_MD,PrinceGeorge_PM,PrinceGeorge_INT,PrinceGeorge_24,Road
2011,1.22,1.12,1.55,1.1,1.25,1.06,1.07,1.29,1.1,1.1,1.08,1.04,1.04,1.05,1.05,1.16,1.16,1.36,1.12,1.15,1.26,1.09,1.17,1.09,1.12,1.03,1.03,1.04,1.08,1.06,1.78,1.24,2.23,1.12,1.64,Freeway
2012,1.21,1.08,1.32,1.06,1.14,1.03,1.05,1.18,1.07,1.07,1.07,1.05,1.09,1.03,1.03,1.15,1.12,1.27,1.08,1.11,1.2,1.07,1.14,1.09,1.1,1.01,1.01,1.01,1.09,1.05,1.67,1.13,2.17,1.09,1.55,Freeway
2013,1.27,1.08,1.5,1.05,1.23,1.04,1.03,1.2,1.05,1.06,1.08,1.05,1.03,1.03,1.03,1.18,1.11,1.33,1.08,1.12,1.19,1.06,1.18,1.08,1.11,1.02,1.02,1.03,1.14,1.08,1.78,1.15,2.18,1.07,1.65,Freeway
2014,1.38,1.09,1.53,1.08,1.29,1.09,1.03,1.18,1.06,1.08,1.1,1.05,1.03,1.04,1.04,1.22,1.09,1.37,1.08,1.13,1.24,1.08,1.12,1.1,1.13,1.04,1.03,1.05,1.07,1.05,1.89,1.21,2.16,1.11,1.73,Freeway
2015,1.35,1.1,1.58,1.09,1.31,1.08,1.05,1.18,1.06,1.08,1.08,1.09,1.05,1.06,1.05,1.11,1.01,1.21,1.06,1.06,1.22,1.08,1.17,1.11,1.14,1.06,1.07,1.07,1.07,1.06,1.95,1.33,2.37,1.09,1.84,Freeway
2016,1.32,1.09,1.55,1.08,1.29,1.08,1.05,1.16,1.07,1.09,1.06,1.01,1.02,1.05,1.03,1.12,1.02,1.24,1.07,1.08,1.23,1.04,1.16,1.08,1.12,1.02,1.01,1.04,1.07,1.05,1.81,1.35,2.25,1.07,1.77,Freeway
2017,1.27,1.12,1.62,1.07,1.33,1.09,1.06,1.2,1.07,1.1,1.05,1.01,1.02,1.04,1.03,1.14,1.03,1.33,1.08,1.13,1.24,1.07,1.2,1.14,1.15,1,1.01,1.08,1.07,1.04,1.83,1.54,2.28,1.08,1.86,Freeway
2018,1.11,1.08,1.23,1.08,1.12,1.3,1.14,1.69,1.08,1.38,1.06,1.02,1.04,1.04,1.04,1.15,1.05,1.31,1.09,1.14,1.25,1.1,1.22,1.26,1.19,1.02,1.01,1.03,1.04,1.03,2,1.72,2.32,1.09,1.93,Freeway
2019,1.1,1.05,1.22,1.08,1.11,1.3,1.18,1.64,1.07,1.35,1.07,1.03,1.04,1.05,1.04,1.15,1.06,1.3,1.11,1.13,1.18,1.07,1.19,1.22,1.14,1.02,1.02,1.05,1.1,1.07,2,1.52,2.38,1.09,1.94,Freeway
2020,1.06,1.05,1.09,1.09,1.08,1.1,1.08,1.37,1.09,1.17,1.04,1.06,1.05,1.05,1.04,1.05,1.04,1.06,1.12,1.09,1.05,1.04,1.07,1.09,1.07,1.02,1.02,1.02,1.1,1.06,1.4,1.21,1.71,1.23,1.27,Freeway
2021,1.04,1.05,1.13,1.09,1.09,1.2,1.33,1.68,1.1,1.34,1.03,1.04,1.05,1.04,1.04,1.05,1.05,1.06,1.13,1.11,1.03,1.07,1.1,1.1,1.09,1.02,1.05,1.02,1.17,1.12,1.51,1.63,2.33,1.48,1.87,Freeway
2022,1.05,1.07,1.17,1.1,1.1,1.27,1.26,1.68,1.15,1.38,1.03,1.07,1.11,1.08,1.06,1.06,1.05,1.08,1.13,1.1,1.07,1.05,1.14,1.13,1.12,1.03,1.02,1.03,1.15,1.1,1.72,1.53,2.47,1.48,1.92,Freeway
2023,1.08,1.08,1.22,1.11,1.12,1.35,1.38,1.79,1.12,1.45,1.08,1.06,1.12,1.14,1.11,1.09,1.07,1.12,1.13,1.11,1.1,1.09,1.21,1.13,1.14,1.05,1.06,1.06,1.14,1.1,1.87,1.61,2.64,1.21,1.99,Freeway
2011,1.3,1.3,1.34,1.13,1.27,1.43,1.39,1.5,1.15,1.38,1.28,1.31,1.33,1.11,1.26,1.38,1.37,1.44,1.14,1.33,1.32,1.34,1.4,1.13,1.29,1.34,1.3,1.33,1.13,1.28,1.5,1.47,1.66,1.14,1.46,Local
2012,1.32,1.31,1.38,1.17,1.29,1.4,1.37,1.51,1.19,1.37,1.3,1.31,1.37,1.16,1.28,1.38,1.36,1.47,1.18,1.34,1.33,1.34,1.43,1.17,1.31,1.33,1.29,1.34,1.16,1.28,1.51,1.46,1.67,1.19,1.47,Local
2013,1.27,1.3,1.33,1.16,1.26,1.31,1.34,1.41,1.19,1.31,1.26,1.3,1.33,1.16,1.26,1.3,1.32,1.37,1.17,1.29,1.28,1.31,1.36,1.15,1.27,1.26,1.26,1.27,1.14,1.23,1.39,1.42,1.52,1.17,1.37,Local
2014,1.62,1.5,1.6,1.22,1.48,1.46,1.41,1.42,1.16,1.34,1.36,1.32,1.35,1.16,1.29,1.5,1.43,1.5,1.18,1.4,1.35,1.33,1.39,1.15,1.31,1.33,1.29,1.31,1.12,1.26,1.54,1.46,1.62,1.21,1.47,Local
2015,1.42,1.36,1.47,1.24,1.39,1.37,1.34,1.37,1.21,1.33,1.3,1.29,1.33,1.19,1.28,1.43,1.38,1.46,1.24,1.39,1.35,1.32,1.39,1.21,1.33,1.37,1.31,1.3,1.3,1.36,1.5,1.45,1.63,1.25,1.48,Local
2016,1.45,1.41,1.5,1.2,1.38,1.33,1.31,1.35,1.18,1.29,1.29,1.3,1.33,1.18,1.28,1.43,1.4,1.46,1.19,1.37,1.33,1.32,1.38,1.2,1.31,1.37,1.31,1.3,1.25,1.35,1.51,1.47,1.64,1.22,1.48,Local
2017,1.33,1.31,1.36,1.14,1.28,1.45,1.41,1.51,1.16,1.38,1.29,1.31,1.34,1.11,1.26,1.43,1.41,1.46,1.15,1.35,1.33,1.34,1.4,1.13,1.3,1.34,1.31,1.33,1.14,1.28,1.52,1.5,1.68,1.16,1.48,Local
2018,1.3,1.3,1.34,1.13,1.27,1.43,1.39,1.5,1.15,1.38,1.28,1.31,1.33,1.11,1.26,1.38,1.37,1.44,1.14,1.33,1.32,1.34,1.4,1.13,1.29,1.34,1.3,1.33,1.13,1.28,1.5,1.47,1.66,1.14,1.46,Local
2019,1.32,1.31,1.38,1.17,1.29,1.4,1.37,1.51,1.19,1.37,1.3,1.31,1.37,1.16,1.28,1.38,1.36,1.47,1.18,1.34,1.33,1.34,1.43,1.17,1.31,1.33,1.29,1.34,1.16,1.28,1.51,1.46,1.67,1.19,1.47,Local
2020,1.27,1.3,1.33,1.16,1.26,1.31,1.34,1.41,1.19,1.31,1.26,1.3,1.33,1.16,1.26,1.3,1.32,1.37,1.17,1.29,1.28,1.31,1.36,1.15,1.27,1.26,1.26,1.27,1.14,1.23,1.39,1.42,1.52,1.17,1.37,Local
2021,1.22,1.23,1.24,1.14,1.21,1.24,1.26,1.32,1.15,1.25,1.2,1.23,1.25,1.13,1.21,1.25,1.26,1.28,1.16,1.24,1.25,1.26,1.3,1.14,1.24,1.24,1.24,1.25,1.14,1.22,1.33,1.35,1.46,1.13,1.33,Local
2022,1.21,1.2,1.24,1.14,1.2,1.26,1.24,1.32,1.15,1.25,1.21,1.22,1.24,1.13,1.21,1.24,1.22,1.28,1.15,1.23,1.23,1.22,1.29,1.12,1.22,1.23,1.22,1.24,1.13,1.21,1.33,1.31,1.45,1.12,1.32,Local
2023,1.22,1.23,1.26,1.13,1.21,1.29,1.27,1.35,1.15,1.27,1.25,1.26,1.26,1.12,1.23,1.25,1.24,1.3,1.13,1.24,1.24,1.24,1.3,1.12,1.23,1.24,1.22,1.25,1.12,1.21,1.36,1.34,1.45,1.12,1.33,Local
